1664150400000,18802.68000000,18897.24000000,18759.66000000,18888.61000000,0.26504000,1664151299999,4984.75574650,17,0.13528000,2547.22882290,0
1664151300000,18863.85000000,18904.35000000,18846.40000000,18852.79000000,0.23265000,1664152199999,4391.41422530,13,0.17233000,3254.43912730,0
1664152200000,18864.08000000,18905.41000000,18831.04000000,18831.04000000,0.66561000,1664153099999,12558.82391020,25,0.31512000,5946.77275540,0
1664153100000,18815.19000000,18837.51000000,18752.61000000,18752.61000000,0.89634000,1664153999999,16851.36823690,57,0.65499000,12312.10439760,0
1664154000000,18765.68000000,18818.99000000,18674.22000000,18818.99000000,0.12680000,1664154899999,2379.96148710,11,0.04663000,876.59161080,0
1664154900000,18824.43000000,18824.43000000,18765.68000000,18776.67000000,0.77400000,1664155799999,14541.96795410,21,0.44126000,8290.29389580,0
1664155800000,18794.78000000,18895.87000000,18768.36000000,18889.87000000,0.22276000,1664156699999,4194.15103780,18,0.15648000,2949.43194940,0
1664156700000,18875.31000000,18887.00000000,18855.66000000,18878.39000000,0.15211000,1664157599999,2871.14587480,8,0.00714000,134.79494580,0
1664157600000,18882.82000000,18913.43000000,18863.74000000,18868.66000000,0.68798000,1664158499999,12997.99601100,21,0.39836000,7526.11989380,0
1664158500000,18864.94000000,18920.69000000,18864.94000000,18898.75000000,1.04959000,1664159399999,19835.29842600,38,0.58932000,11141.77991110,0
1664159400000,18900.91000000,18900.91000000,18872.76000000,18888.27000000,0.47311000,1664160299999,8933.57308740,18,0.12294000,2322.66964460,0
1664160300000,18884.69000000,18884.69000000,18847.90000000,18847.90000000,0.43924000,1664161199999,8285.21802040,15,0.27942000,5270.35456000,0
1664161200000,18845.73000000,18876.75000000,18845.73000000,18867.11000000,0.17620000,1664162099999,3325.04611520,18,0.08670000,1636.43998100,0
1664162100000,18884.28000000,18947.60000000,18867.41000000,18892.20000000,0.55197000,1664162999999,10440.30362870,35,0.14531000,2747.60640500,0
1664163000000,18883.33000000,18883.33000000,18839.00000000,18839.00000000,0.04041000,1664163899999,762.38769000,4,0.00000000,0.00000000,0
1664163900000,18864.22000000,18867.20000000,18864.22000000,18867.20000000,0.01637000,1664164799999,308.81657900,2,0.01637000,308.81657900,0
1664164800000,18878.76000000,18889.44000000,18873.89000000,18873.89000000,0.05319000,1664165699999,1004.05775720,6,0.05319000,1004.05775720,0
1664165700000,18870.70000000,18883.68000000,18870.70000000,18883.55000000,0.11573000,1664166599999,2184.87331790,6,0.00000000,0.00000000,0
1664166600000,18896.28000000,18896.28000000,18893.50000000,18893.50000000,0.03246000,1664167499999,613.35251000,2,0.02500000,472.40700000,0
1664167500000,18880.86000000,18880.86000000,18813.71000000,18816.51000000,0.52005000,1664168399999,9801.46149130,22,0.10695000,2012.44391790,0
1664168400000,18812.68000000,18812.91000000,18767.53000000,18810.83000000,0.17530000,1664169299999,3291.64009740,5,0.01710000,321.69385140,0
1664169300000,18791.29000000,18791.29000000,18764.69000000,18764.69000000,0.03828000,1664170199999,718.66558120,2,0.02500000,469.11725000,0
1664170200000,18786.32000000,18787.74000000,18765.64000000,18775.35000000,0.09622000,1664171099999,1806.85122510,12,0.04622000,867.98147510,0
1664171100000,18803.12000000,18819.12000000,18799.54000000,18806.78000000,0.18524000,1664171999999,3484.14009180,8,0.13524000,2543.72384180,0
1664172000000,18806.78000000,18806.78000000,18806.78000000,18806.78000000,0.00000000,1664172899999,0.00000000,0,0.00000000,0.00000000,0
1664172900000,18719.25000000,18719.25000000,18719.25000000,18719.25000000,0.02500000,1664173799999,467.98125000,1,0.02500000,467.98125000,0
1664173800000,18737.79000000,18737.80000000,18703.41000000,18703.41000000,0.12027000,1664174699999,2252.11968860,6,0.07825000,1464.75758260,0
1664174700000,18702.10000000,18702.10000000,18702.10000000,18702.10000000,0.01041000,1664175599999,194.68886100,1,0.00000000,0.00000000,0
1664175600000,18730.50000000,18789.91000000,18730.50000000,18784.93000000,0.11053000,1664176499999,2076.31890750,4,0.10559000,1983.58498050,0
1664176500000,18766.01000000,18910.56000000,18765.19000000,18910.56000000,0.35030000,1664177399999,6597.91808820,21,0.14814000,2793.00450000,0
1664177400000,18862.29000000,18932.81000000,18862.29000000,18932.81000000,0.30506000,1664178299999,5768.72358070,15,0.18306000,3462.59113070,0
1664178300000,18889.40000000,18905.60000000,18889.33000000,18905.60000000,0.21635000,1664179199999,4087.50322650,7,0.05854000,1106.52688220,0
1664179200000,18948.17000000,19032.41000000,18948.17000000,19032.41000000,0.25820000,1664180099999,4905.47691050,12,0.23572000,4478.34605680,0
1664180100000,19042.95000000,19090.82000000,19038.03000000,19090.82000000,0.14148000,1664180999999,2694.47772730,4,0.14148000,2694.47772730,0
1664181000000,19144.98000000,19157.14000000,19143.99000000,19157.14000000,0.04530000,1664181899999,867.34364370,5,0.03036000,581.26771490,0
1664181900000,19204.52000000,19231.74000000,19203.33000000,19231.74000000,0.07623000,1664182799999,1464.40070330,6,0.03133000,602.02668630,0
1664182800000,19306.75000000,19306.75000000,19220.20000000,19258.84000000,0.12262000,1664183699999,2363.04938500,9,0.11162000,2151.45513500,0
1664183700000,19253.63000000,19271.20000000,19175.91000000,19180.80000000,2.42861000,1664184599999,46703.13590460,67,1.19023000,22884.05072100,0
1664184600000,19158.80000000,19158.80000000,19119.53000000,19119.53000000,0.25866000,1664185499999,4949.07485550,9,0.06750000,1292.97330000,0
1664185500000,19100.71000000,19113.62000000,19066.83000000,19095.97000000,0.41133000,1664186399999,7853.89578740,27,0.15231000,2908.41233400,0
1664186400000,19108.73000000,19110.98000000,19033.48000000,19063.95000000,0.21483000,1664187299999,4096.77519020,11,0.16553000,3155.49784580,0
1664187300000,19079.17000000,19176.58000000,19076.71000000,19176.58000000,0.33437000,1664188199999,6381.38105600,16,0.33437000,6381.38105600,0
1664188200000,19121.83000000,19121.83000000,19116.31000000,19116.31000000,0.14342000,1664189099999,2742.43897490,3,0.00000000,0.00000000,0
1664189100000,19122.14000000,19122.14000000,19101.54000000,19101.54000000,0.15573000,1664189999999,2977.37586220,2,0.00000000,0.00000000,0
1664190000000,19101.06000000,19101.06000000,19002.73000000,19002.73000000,0.04804000,1664190899999,915.53897290,7,0.04374000,833.76491550,0
1664190900000,18951.92000000,18969.63000000,18894.25000000,18894.25000000,0.20191000,1664191799999,3827.98459760,6,0.00000000,0.00000000,0
1664191800000,18860.06000000,18871.91000000,18812.07000000,18848.51000000,0.05878000,1664192699999,1108.33004350,6,0.02412000,454.72735470,0
1664192700000,18855.09000000,18855.09000000,18855.09000000,18855.09000000,0.00102000,1664193599999,19.23219180,1,0.00102000,19.23219180,0
1664193600000,18840.02000000,18856.30000000,18840.02000000,18845.94000000,0.06897000,1664194499999,1299.42617900,4,0.00157000,29.60439100,0
1664194500000,18929.55000000,18932.67000000,18929.55000000,18932.67000000,0.02616000,1664195399999,495.20064720,2,0.02616000,495.20064720,0
1664195400000,18932.67000000,18932.67000000,18932.67000000,18932.67000000,0.00613000,1664196299999,116.05726710,2,0.00000000,0.00000000,0
1664196300000,18950.93000000,19090.82000000,18950.93000000,19085.87000000,0.07354000,1664197199999,1402.05037540,6,0.07354000,1402.05037540,0
1664197200000,19078.44000000,19113.67000000,19042.71000000,19068.00000000,2.16764000,1664198099999,41339.44281920,33,0.33889000,6459.93548100,0
1664198100000,19102.62000000,19102.62000000,19053.07000000,19053.07000000,0.14282000,1664198999999,2721.69536840,3,0.14282000,2721.69536840,0
1664199000000,19115.48000000,19231.74000000,19114.79000000,19201.83000000,0.16714000,1664199899999,3201.17769560,13,0.15542000,2976.24319920,0
1664199900000,19206.75000000,19213.11000000,19174.70000000,19174.70000000,0.17431000,1664200799999,3345.38694250,7,0.11431000,2194.04259250,0
1664200800000,19159.62000000,19192.59000000,19139.18000000,19192.59000000,0.10011000,1664201699999,1917.55918080,7,0.00000000,0.00000000,0
1664201700000,19266.40000000,19266.40000000,19266.40000000,19266.40000000,0.01000000,1664202599999,192.66400000,1,0.01000000,192.66400000,0
1664202600000,19203.05000000,19209.32000000,19168.19000000,19176.60000000,0.51643000,1664203499999,9914.85933280,23,0.43943000,8437.30810280,0
1664203500000,19133.84000000,19160.11000000,19132.02000000,19136.23000000,0.09366000,1664204399999,1792.04272600,5,0.07047000,1348.30507640,0
1664204400000,19144.35000000,19144.35000000,19055.12000000,19055.12000000,0.12996000,1664205299999,2478.22269840,6,0.01000000,191.44350000,0
1664205300000,19095.44000000,19095.44000000,19016.49000000,19016.49000000,0.07738000,1664206199999,1476.01805260,7,0.06200000,1183.37772000,0
1664206200000,19015.48000000,19067.20000000,19015.48000000,19049.86000000,0.14699000,1664207099999,2795.71469960,3,0.13699000,2605.21609960,0
1664207100000,19047.73000000,19047.73000000,19047.73000000,19047.73000000,0.00229000,1664207999999,43.61930170,1,0.00229000,43.61930170,0
1664208000000,19092.43000000,19097.90000000,19074.12000000,19078.07000000,0.47578000,1664208899999,9077.37002770,18,0.23476000,4479.20033830,0
1664208900000,19076.69000000,19096.99000000,19019.13000000,19019.13000000,0.21845000,1664209799999,4160.02477550,10,0.01452000,277.16555400,0
1664209800000,19013.49000000,19018.69000000,19013.49000000,19018.69000000,0.00687000,1664210699999,130.65018430,2,0.00687000,130.65018430,0
1664210700000,19096.49000000,19103.07000000,19041.26000000,19041.26000000,0.21555000,1664211599999,4111.07072860,19,0.04375000,835.52656480,0
1664211600000,19041.26000000,19042.37000000,19041.26000000,19041.26000000,0.05378000,1664212499999,1024.09668280,3,0.00089000,16.94672140,0
1664212500000,19041.80000000,19041.80000000,19041.80000000,19041.80000000,0.00139000,1664213399999,26.46810200,1,0.00000000,0.00000000,0
1664213400000,19048.27000000,19063.17000000,19035.72000000,19063.17000000,0.12919000,1664214299999,2461.04972130,13,0.01312000,249.91330240,0
1664214300000,19061.70000000,19122.73000000,19061.70000000,19120.63000000,0.19760000,1664215199999,3773.63871320,12,0.05120000,977.99988200,0
1664215200000,19146.90000000,19163.05000000,19146.90000000,19151.70000000,0.11342000,1664216099999,2172.34074320,9,0.03131000,599.74534210,0
1664216100000,19163.94000000,19182.45000000,19157.73000000,19169.59000000,0.31309000,1664216999999,6001.65706700,20,0.10636000,2039.59267240,0
1664217000000,19119.61000000,19119.61000000,19075.29000000,19101.61000000,0.12685000,1664217899999,2423.34456990,6,0.08345000,1594.74549500,0
1664217900000,19089.24000000,19207.62000000,19089.24000000,19197.13000000,0.14197000,1664218799999,2719.45867700,10,0.10194000,1953.56474370,0
1664218800000,19180.89000000,19210.61000000,19156.32000000,19156.32000000,0.18622000,1664219699999,3573.80143920,19,0.10616000,2037.89195980,0
1664219700000,19138.28000000,19197.20000000,19128.40000000,19197.20000000,0.21162000,1664220599999,4058.05676800,7,0.14022000,2691.50948400,0
1664220600000,19184.92000000,19231.74000000,19159.40000000,19159.40000000,0.58911000,1664221499999,11306.23527030,17,0.50382000,9668.88950420,0
1664221500000,19223.61000000,19263.71000000,19181.75000000,19181.75000000,0.50642000,1664222399999,9748.88380870,13,0.44642000,8595.79030870,0
1664222400000,19182.71000000,19182.71000000,19147.61000000,19147.61000000,0.16874000,1664223299999,3234.53994730,11,0.11183000,2143.64679930,0
1664223300000,19147.85000000,19170.34000000,19145.00000000,19168.18000000,0.16379000,1664224199999,3137.61920380,9,0.08887000,1702.97557250,0
1664224200000,19123.80000000,19132.93000000,19123.80000000,19132.93000000,0.08984000,1664225099999,1718.51559310,2,0.08984000,1718.51559310,0
1664225100000,19130.07000000,19130.07000000,19115.67000000,19124.90000000,0.16226000,1664225999999,3103.00414030,8,0.06697000,1280.80292840,0
1664226000000,19097.34000000,19097.34000000,19097.34000000,19097.34000000,0.00366000,1664226899999,69.89626440,1,0.00000000,0.00000000,0
1664226900000,19090.82000000,19100.93000000,19090.82000000,19100.93000000,0.01846000,1664227799999,352.54897820,2,0.01310000,250.22218300,0
1664227800000,19126.36000000,19126.36000000,19126.36000000,19126.36000000,0.00385000,1664228699999,73.63648600,1,0.00000000,0.00000000,0
1664228700000,19121.01000000,19121.01000000,19094.95000000,19102.90000000,0.12676000,1664229599999,2422.68635290,5,0.10418000,1991.10628690,0
1664229600000,19099.89000000,19119.56000000,19085.36000000,19119.56000000,0.16121000,1664230499999,3079.92240930,7,0.12070000,2306.18738920,0
1664230500000,19099.28000000,19155.35000000,19099.28000000,19137.79000000,0.36435000,1664231399999,6972.71134220,19,0.07808000,1493.29478960,0
1664231400000,19168.18000000,19204.07000000,19168.18000000,19196.66000000,0.19982000,1664232299999,3834.74571900,6,0.13468000,2584.57501000,0
1664232300000,19144.05000000,19165.38000000,19135.62000000,19146.21000000,0.35051000,1664233199999,6712.17809870,16,0.12234000,2343.36808200,0
1664233200000,19139.05000000,19139.05000000,19120.46000000,19120.63000000,0.20022000,1664234099999,3830.00011090,14,0.18746000,3585.94852290,0
1664234100000,19177.16000000,19177.16000000,19168.70000000,19168.70000000,0.10099000,1664234999999,1936.25691080,5,0.04899000,939.48451080,0
1664235000000,19184.89000000,19233.46000000,19184.89000000,19225.69000000,0.15286000,1664235899999,2936.01246470,7,0.13554000,2603.09674660,0
1664235900000,19198.97000000,19238.84000000,19183.66000000,19223.58000000,0.43728000,1664236799999,8398.51168500,16,0.23179000,4453.32626410,0
1664236800000,19213.03000000,19300.00000000,19206.55000000,19300.00000000,0.32196000,1664237699999,6190.21374710,14,0.17406000,3347.83093950,0
1664237700000,19313.53000000,19353.69000000,19290.47000000,19290.47000000,0.21246000,1664238599999,4107.97948960,13,0.09102000,1761.13613290,0
1664238600000,19282.64000000,19289.15000000,19268.68000000,19287.47000000,0.58178000,1664239499999,11215.69840860,11,0.31538000,6080.79667040,0
1664239500000,19288.79000000,19344.48000000,19288.79000000,19340.32000000,1.65542000,1664240399999,31942.90775580,15,0.07526000,1454.90474760,0
1664240400000,19342.52000000,19472.69000000,19340.49000000,19472.69000000,0.46380000,1664241299999,8992.43257480,16,0.31183000,6046.94081220,0
1664241300000,19458.88000000,19660.77000000,19448.89000000,19660.77000000,0.60370000,1664242199999,11778.06830440,19,0.35721000,6979.22001680,0
1664242200000,19770.27000000,19850.73000000,19770.27000000,19850.73000000,0.03337000,1664243099999,661.86535690,5,0.00966000,191.20454860,0
1664243100000,19800.93000000,19813.18000000,19785.92000000,19801.40000000,0.34961000,1664243999999,6922.22259340,10,0.12770000,2528.98972600,0
1664244000000,19741.14000000,19741.14000000,19724.64000000,19724.64000000,0.15960000,1664244899999,3149.33986000,4,0.10760000,2122.80058000,0
1664244900000,19756.49000000,19789.69000000,19750.62000000,19765.60000000,0.62435000,1664245799999,12353.26618340,8,0.60816000,12033.17895920,0
1664245800000,19789.43000000,19789.43000000,19729.69000000,19742.57000000,0.06821000,1664246699999,1349.05321090,6,0.00078000,15.43575540,0
1664246700000,19773.63000000,19989.90000000,19773.63000000,19989.90000000,0.21501000,1664247599999,4272.83310280,19,0.16098000,3200.20689480,0
1664247600000,19999.99000000,20247.75000000,19977.75000000,20132.16000000,0.80609000,1664248499999,16161.82964750,21,0.74613000,14958.62450150,0
1664248500000,20252.44000000,20284.49000000,20169.91000000,20284.49000000,0.16023000,1664249399999,3244.39616720,7,0.05736000,1162.33723840,0
1664249400000,20193.53000000,20193.53000000,20072.11000000,20109.28000000,0.40701000,1664250299999,8208.97708960,14,0.03701000,744.91063280,0
1664250300000,20141.66000000,20148.46000000,20123.40000000,20123.40000000,0.33408000,1664251199999,6728.51842320,13,0.23008000,4634.02186320,0
1664251200000,20090.00000000,20119.16000000,20066.00000000,20066.00000000,0.18361000,1664252099999,3689.67310640,5,0.05361000,1077.97310640,0
1664252100000,20019.63000000,20064.50000000,19993.84000000,20025.84000000,0.41293000,1664252999999,8267.85813540,18,0.05200000,1041.02076000,0
1664253000000,20030.49000000,20087.76000000,20006.73000000,20063.90000000,0.47233000,1664253899999,9475.99266500,25,0.23733000,4762.26706010,0
1664253900000,20045.84000000,20069.68000000,20033.14000000,20033.14000000,0.39554000,1664254799999,7930.11268280,14,0.21875000,4385.00225840,0
1664254800000,20030.83000000,20030.83000000,20030.83000000,20030.83000000,0.01565000,1664255699999,313.48248950,1,0.00000000,0.00000000,0
1664255700000,19975.44000000,20046.63000000,19967.98000000,20046.63000000,0.39232000,1664256599999,7841.54070250,12,0.09066000,1812.90971420,0
1664256600000,20032.03000000,20141.27000000,20032.03000000,20141.27000000,0.04635000,1664257499999,932.23846120,7,0.04561000,917.41475900,0
1664257500000,20139.87000000,20200.00000000,20139.87000000,20200.00000000,0.00808000,1664258399999,162.89078590,3,0.00808000,162.89078590,0
1664258400000,20182.39000000,20214.38000000,20167.71000000,20167.71000000,0.41015000,1664259299999,8280.58713500,12,0.24736000,4995.95732410,0
1664259300000,20196.29000000,20332.93000000,20196.29000000,20306.24000000,0.27041000,1664260199999,5475.35694610,12,0.20841000,4216.86326610,0
1664260200000,20240.41000000,20240.41000000,20240.41000000,20240.41000000,0.01583000,1664261099999,320.40569030,1,0.00000000,0.00000000,0
1664261100000,20209.63000000,20209.63000000,20196.86000000,20196.86000000,0.01980000,1664261999999,399.92272950,2,0.00195000,39.40877850,0
1664262000000,20186.40000000,20191.15000000,20170.40000000,20170.40000000,0.09453000,1664262899999,1907.16141230,9,0.00061000,12.31025750,0
1664262900000,20188.15000000,20263.43000000,20185.28000000,20259.05000000,0.27567000,1664263799999,5574.98721390,8,0.14072000,2843.13408210,0
1664263800000,20222.20000000,20244.86000000,20222.20000000,20244.86000000,0.06013000,1664264699999,1217.25363900,2,0.05705000,1154.96926300,0
1664264700000,20246.59000000,20246.59000000,20206.63000000,20206.63000000,0.19140000,1664265599999,3872.64146100,3,0.01590000,321.92078100,0
1664265600000,20206.63000000,20206.63000000,20206.63000000,20206.63000000,0.00000000,1664266499999,0.00000000,0,0.00000000,0.00000000,0
1664266500000,20206.51000000,20206.51000000,20206.51000000,20206.51000000,0.05200000,1664267399999,1050.73852000,1,0.05200000,1050.73852000,0
1664267400000,20145.38000000,20149.16000000,20145.38000000,20149.16000000,0.00295000,1664268299999,59.43669560,2,0.00207000,41.70876120,0
1664268300000,20149.16000000,20149.16000000,20149.16000000,20149.16000000,0.00057000,1664269199999,11.48502120,1,0.00057000,11.48502120,0
1664269200000,20134.03000000,20134.03000000,20113.09000000,20115.05000000,0.17138000,1664270099999,3448.25158900,4,0.00124000,24.96175800,0
1664270100000,20140.84000000,20143.82000000,20093.33000000,20109.62000000,0.18874000,1664270999999,3799.81227860,8,0.05441000,1095.92270440,0
1664271000000,20135.47000000,20199.94000000,20135.47000000,20199.93000000,0.09397000,1664271899999,1894.69264830,5,0.09108000,1836.38140730,0
1664271900000,20178.37000000,20178.37000000,20164.55000000,20176.34000000,0.27314000,1664272799999,5510.25472190,9,0.17660000,3562.52998500,0
1664272800000,20181.60000000,20230.40000000,20181.60000000,20230.40000000,0.14880000,1664273699999,3005.71500880,6,0.08439000,1705.77955770,0
1664273700000,20242.45000000,20255.32000000,20212.14000000,20255.32000000,0.52233000,1664274599999,10571.76199630,15,0.36753000,7438.83883410,0
1664274600000,20259.80000000,20266.02000000,20230.38000000,20246.85000000,0.14991000,1664275499999,3035.06640290,10,0.05200000,1052.61000000,0
1664275500000,20248.48000000,20248.48000000,20213.60000000,20213.60000000,0.10863000,1664276399999,2197.39181460,6,0.04793000,970.31418520,0
1664276400000,20216.24000000,20280.00000000,20183.65000000,20190.64000000,1.24660000,1664277299999,25270.24523110,15,1.14133000,23141.51948280,0
1664277300000,20210.90000000,20211.91000000,20199.25000000,20211.91000000,0.06686000,1664278199999,1350.92803000,4,0.06241000,1260.98503050,0
1664278200000,20229.34000000,20283.92000000,20207.48000000,20283.92000000,0.21449000,1664279099999,4337.48724460,10,0.10539000,2131.27432880,0
1664279100000,20332.93000000,20332.93000000,20259.91000000,20279.90000000,0.07136000,1664279999999,1447.25682370,8,0.00533000,108.18961940,0
1664280000000,20241.39000000,20279.90000000,20241.39000000,20279.90000000,0.41863000,1664280899999,8486.70289700,3,0.36663000,7434.15061700,0
1664280900000,20322.81000000,20372.42000000,20257.81000000,20257.81000000,0.11742000,1664281799999,2385.44233640,5,0.05542000,1126.45979640,0
1664281800000,20290.91000000,20318.54000000,20290.00000000,20312.75000000,0.15643000,1664282699999,3176.59330650,10,0.06325000,1285.07716400,0
1664282700000,20305.41000000,20314.28000000,20290.00000000,20305.05000000,0.06830000,1664283599999,1386.89745880,4,0.00571000,115.99453880,0
1664283600000,20224.78000000,20224.78000000,20120.63000000,20148.23000000,1.02707000,1664284499999,20702.76319230,16,0.83168000,16755.27580270,0
1664284500000,20206.03000000,20226.46000000,20099.38000000,20129.99000000,0.19377000,1664285399999,3912.06314900,11,0.01658000,334.98548640,0
1664285400000,20198.78000000,20332.93000000,20198.78000000,20312.79000000,0.11857000,1664286299999,2406.61186590,6,0.06824000,1384.67379840,0
1664286300000,20219.05000000,20243.99000000,20145.38000000,20178.38000000,0.15320000,1664287199999,3092.36273680,8,0.07883000,1591.31347710,0
1664287200000,20167.40000000,20198.13000000,20099.31000000,20123.33000000,0.19758000,1664288099999,3974.99426350,13,0.10524000,2118.18328330,0
1664288100000,20132.78000000,20214.49000000,20125.11000000,20133.23000000,0.05349000,1664288999999,1079.42384280,12,0.01363000,275.44490900,0
1664289000000,20158.20000000,20209.86000000,20135.44000000,20209.86000000,1.02583000,1664289899999,20676.29044860,27,0.10122000,2043.84283950,0
1664289900000,20189.92000000,20219.42000000,20189.92000000,20216.28000000,0.32157000,1664290799999,6496.05310160,13,0.16609000,3356.18026420,0
1664290800000,20205.29000000,20247.75000000,20157.53000000,20247.75000000,0.53135000,1664291699999,10727.71643570,25,0.37465000,7567.19728470,0
1664291700000,20175.56000000,20199.15000000,20099.38000000,20117.10000000,0.28240000,1664292599999,5691.60376460,24,0.09910000,1998.96843060,0
1664292600000,20099.38000000,20143.56000000,20082.71000000,20082.71000000,0.29058000,1664293499999,5843.82403350,21,0.21296000,4283.97678590,0
1664293500000,20082.71000000,20111.80000000,19952.10000000,19952.10000000,0.49990000,1664294399999,10014.77208200,13,0.28998000,5802.14803380,0
1664294400000,19904.01000000,19904.01000000,19582.72000000,19582.72000000,0.12486000,1664295299999,2479.35558880,9,0.05200000,1033.38196000,0
1664295300000,19559.30000000,19560.33000000,19394.42000000,19394.42000000,0.31714000,1664296199999,6201.12448840,8,0.30748000,6013.11825680,0
1664296200000,19394.42000000,19424.72000000,19204.52000000,19230.40000000,0.75494000,1664297099999,14594.48511700,20,0.65319000,12626.95358280,0
1664297100000,19221.68000000,19221.68000000,18950.93000000,19094.44000000,0.33309000,1664297999999,6355.78543690,19,0.09117000,1738.07155170,0
1664298000000,19009.44000000,19042.90000000,18924.64000000,18953.03000000,0.11788000,1664298899999,2240.15126360,11,0.11033000,2097.07758920,0
1664298900000,18979.50000000,18980.59000000,18968.79000000,18976.99000000,0.16362000,1664299799999,3104.18290150,5,0.05962000,1131.42874150,0
1664299800000,19003.28000000,19003.28000000,19003.28000000,19003.28000000,0.00054000,1664300699999,10.26177120,1,0.00054000,10.26177120,0
1664300700000,18944.63000000,18968.97000000,18898.57000000,18919.63000000,0.20597000,1664301599999,3901.72733340,13,0.12598000,2388.35437100,0
1664301600000,18919.64000000,18984.42000000,18884.90000000,18926.98000000,0.53309000,1664302499999,10100.42343870,33,0.09914000,1879.22602120,0
1664302500000,18903.34000000,18926.73000000,18830.30000000,18917.92000000,0.45229000,1664303399999,8548.65622750,35,0.05323000,1007.45433980,0
1664303400000,18947.85000000,19090.82000000,18907.23000000,19039.99000000,0.22453000,1664304299999,4273.40927530,22,0.08853000,1684.22853800,0
1664304300000,19050.46000000,19147.07000000,19050.46000000,19120.15000000,0.14746000,1664305199999,2819.65071520,22,0.00423000,80.87650020,0
1664305200000,19107.61000000,19183.54000000,19088.52000000,19183.54000000,0.29844000,1664306099999,5702.33279300,24,0.01565000,299.76107620,0
1664306100000,19120.06000000,19122.92000000,19072.28000000,19072.28000000,0.20592000,1664306999999,3933.73299280,8,0.10192000,1947.73131280,0
1664307000000,19060.47000000,19068.78000000,19008.37000000,19068.78000000,0.17893000,1664307899999,3403.14152310,6,0.03428000,653.35725260,0
1664307900000,19098.88000000,19133.13000000,19094.00000000,19106.58000000,0.08541000,1664308799999,1633.12236610,6,0.02268000,433.29242120,0
1664308800000,19045.00000000,19085.86000000,19028.88000000,19085.86000000,0.34324000,1664309699999,6534.31719440,11,0.29139000,5547.11217140,0
1664309700000,19010.27000000,19035.03000000,19008.74000000,19015.76000000,0.70491000,1664310599999,13408.36837840,9,0.46941000,8930.48675340,0
1664310600000,18977.50000000,19016.39000000,18950.93000000,18950.93000000,0.19244000,1664311499999,3652.23248700,6,0.05538000,1051.10539820,0
1664311500000,19006.07000000,19006.07000000,19006.07000000,19006.07000000,0.10400000,1664312399999,1976.63128000,1,0.10400000,1976.63128000,0
1664312400000,19004.30000000,19032.97000000,19004.30000000,19032.97000000,0.01014000,1664313299999,192.88594320,3,0.01014000,192.88594320,0
1664313300000,19000.53000000,19016.78000000,18975.66000000,19016.78000000,0.53909000,1664314199999,10243.09687330,6,0.53909000,10243.09687330,0
1664314200000,19002.54000000,19012.40000000,18993.74000000,19012.40000000,0.12796000,1664315099999,2432.37366260,13,0.08793000,1671.70198640,0
1664315100000,19005.70000000,19050.88000000,18953.41000000,18978.00000000,0.80520000,1664315999999,15283.16565360,20,0.12584000,2386.81227290,0
1664316000000,18970.81000000,18970.81000000,18970.81000000,18970.81000000,0.01000000,1664316899999,189.70810000,1,0.00000000,0.00000000,0
1664316900000,18975.72000000,19051.45000000,18975.72000000,19051.45000000,0.01514000,1664317799999,287.66353080,9,0.00200000,38.02728000,0
1664317800000,19042.09000000,19042.09000000,19042.09000000,19042.09000000,0.00252000,1664318699999,47.98606680,1,0.00000000,0.00000000,0
1664318700000,19090.82000000,19090.82000000,19090.82000000,19090.82000000,0.00536000,1664319599999,102.32679520,1,0.00536000,102.32679520,0
1664319600000,19148.79000000,19164.88000000,19148.79000000,19164.88000000,0.05830000,1664320499999,1117.09007510,4,0.05830000,1117.09007510,0
1664320500000,19103.78000000,19103.78000000,19093.06000000,19093.06000000,0.01290000,1664321399999,246.31097960,2,0.00000000,0.00000000,0
1664321400000,19116.57000000,19129.60000000,19098.40000000,19114.02000000,0.05962000,1664322299999,1139.92516470,10,0.05461000,1044.21227100,0
1664322300000,19109.25000000,19109.25000000,19098.54000000,19098.54000000,0.12517000,1664323199999,2391.66038810,6,0.05557000,1061.67447380,0
1664323200000,19095.21000000,19180.33000000,19095.21000000,19180.33000000,0.00819000,1664324099999,156.88166090,3,0.00310000,59.25378120,0
1664324100000,19181.22000000,19231.74000000,19178.80000000,19231.74000000,0.16759000,1664324999999,3216.64908960,13,0.09922000,1905.39049220,0
1664325000000,19186.94000000,19186.94000000,19090.82000000,19143.36000000,0.75654000,1664325899999,14474.90808880,9,0.74784000,14308.57924500,0
1664325900000,19130.40000000,19130.40000000,19092.86000000,19092.86000000,0.01492000,1664326799999,285.28066360,3,0.01492000,285.28066360,0
1664326800000,19111.81000000,19138.88000000,19077.81000000,19125.83000000,0.10676000,1664327699999,2042.72251890,5,0.10510000,2010.97364110,0
1664327700000,19064.08000000,19086.19000000,18950.93000000,18950.93000000,0.02410000,1664328599999,458.16206490,7,0.00343000,65.35770190,0
1664328600000,18950.93000000,18950.93000000,18950.93000000,18950.93000000,0.00000000,1664329499999,0.00000000,0,0.00000000,0.00000000,0
1664329500000,18981.77000000,18981.77000000,18981.77000000,18981.77000000,0.00555000,1664330399999,105.34882350,1,0.00555000,105.34882350,0
1664330400000,18968.96000000,18968.96000000,18830.30000000,18830.30000000,0.16895000,1664331299999,3201.38193300,4,0.00000000,0.00000000,0
1664331300000,18840.28000000,18840.28000000,18537.38000000,18537.38000000,0.20709000,1664332199999,3869.18035810,15,0.03941000,738.94749990,0
1664332200000,18581.83000000,18581.83000000,18500.00000000,18500.00000000,0.15852000,1664333099999,2940.23268400,7,0.10233000,1900.50758400,0
1664333100000,18503.29000000,18674.22000000,18503.29000000,18614.80000000,0.14410000,1664333999999,2674.82371690,7,0.01789000,333.57148600,0
1664334000000,18661.38000000,18707.23000000,18644.50000000,18707.23000000,0.04033000,1664334899999,753.01220020,3,0.03679000,687.01067020,0
1664334900000,18700.60000000,18761.37000000,18700.60000000,18761.37000000,0.15806000,1664335799999,2962.54462780,5,0.14806000,2775.19232780,0
1664335800000,18733.40000000,18757.47000000,18706.16000000,18706.16000000,0.07081000,1664336699999,1325.30200040,5,0.05550000,1038.70079070,0
1664336700000,18706.16000000,18718.93000000,18706.16000000,18714.72000000,0.02770000,1664337599999,518.43172080,4,0.02770000,518.43172080,0
1664337600000,18726.65000000,18746.03000000,18710.29000000,18721.94000000,0.09130000,1664338499999,1709.29219880,12,0.02377000,445.49477110,0
1664338500000,18734.36000000,18776.21000000,18734.36000000,18776.21000000,0.01918000,1664339399999,359.87972300,5,0.01464000,274.82572860,0
1664339400000,18812.07000000,18818.60000000,18768.75000000,18784.66000000,0.14034000,1664340299999,2638.09045560,11,0.08090000,1521.52786600,0
1664340300000,18801.54000000,18801.54000000,18756.68000000,18765.16000000,0.04197000,1664341199999,787.57111000,10,0.01591000,298.69046460,0
1664341200000,18743.87000000,18747.50000000,18674.22000000,18693.84000000,0.17508000,1664342099999,3277.99467220,11,0.05246000,980.68284660,0
1664342100000,18704.35000000,18739.84000000,18696.25000000,18739.84000000,0.12607000,1664342999999,2358.42500780,12,0.04392000,821.57985350,0
1664343000000,18759.65000000,18759.65000000,18759.65000000,18759.65000000,0.09328000,1664343899999,1749.90015200,1,0.09328000,1749.90015200,0
1664343900000,18812.07000000,18830.30000000,18812.07000000,18830.30000000,0.00878000,1664344799999,165.23232120,2,0.00878000,165.23232120,0
1664344800000,18832.52000000,18858.54000000,18810.82000000,18810.82000000,0.33383000,1664345699999,6285.91706600,6,0.00088000,16.57261760,0
1664345700000,18818.35000000,18818.35000000,18795.52000000,18795.52000000,0.09616000,1664346599999,1808.63406040,7,0.08616000,1620.64176040,0
1664346600000,18778.61000000,18785.82000000,18747.05000000,18747.05000000,0.06559000,1664347499999,1231.63071900,6,0.00000000,0.00000000,0
1664347500000,18710.84000000,18761.24000000,18705.54000000,18705.54000000,0.96996000,1664348399999,18149.39422220,6,0.01851000,346.96475940,0
1664348400000,18693.53000000,18693.53000000,18644.97000000,18644.97000000,0.14336000,1664349299999,2679.59543440,6,0.00000000,0.00000000,0
1664349300000,18671.29000000,18712.83000000,18671.29000000,18712.83000000,0.02000000,1664350199999,373.84120000,2,0.02000000,373.84120000,0
1664350200000,18756.58000000,18764.81000000,18754.94000000,18764.81000000,0.47122000,1664351099999,8840.32329140,8,0.28069000,5265.85155220,0
1664351100000,18775.79000000,18775.79000000,18775.79000000,18775.79000000,0.00097000,1664351999999,18.21251630,1,0.00097000,18.21251630,0
1664352000000,18752.41000000,18756.34000000,18730.43000000,18740.78000000,0.82428000,1664352899999,15451.56338900,20,0.37227000,6976.61981540,0
1664352900000,18756.27000000,18756.27000000,18722.69000000,18730.99000000,0.04180000,1664353799999,783.07158200,4,0.01000000,187.56270000,0
1664353800000,18741.60000000,18750.44000000,18695.01000000,18722.04000000,0.28891000,1664354699999,5410.81064090,9,0.21636000,4054.22149880,0
1664354700000,18724.69000000,18749.14000000,18724.69000000,18749.14000000,0.04456000,1664355599999,834.67089920,4,0.01301000,243.77123220,0
1664355600000,18729.80000000,18729.80000000,18636.15000000,18637.76000000,0.80846000,1664356499999,15092.95924330,16,0.39413000,7358.39473390,0
1664356500000,18628.75000000,18636.94000000,18581.93000000,18636.94000000,0.13292000,1664357399999,2470.87637570,8,0.12101000,2249.46649900,0
1664357400000,18647.25000000,18687.21000000,18619.18000000,18687.21000000,0.14016000,1664358299999,2613.82234490,11,0.10142000,1891.39940250,0
1664358300000,18634.88000000,18634.88000000,18634.88000000,18634.88000000,0.01534000,1664359199999,285.85905920,1,0.01534000,285.85905920,0
1664359200000,18593.10000000,18593.10000000,18593.10000000,18593.10000000,0.01000000,1664360099999,185.93100000,1,0.00000000,0.00000000,0
1664360100000,18812.07000000,19020.07000000,18812.07000000,18924.81000000,0.14168000,1664360999999,2683.95877900,14,0.13445000,2547.01169640,0
1664361000000,18909.11000000,19090.82000000,18909.11000000,19090.82000000,0.02037000,1664361899999,388.26401970,3,0.00536000,102.32679520,0
1664361900000,19054.09000000,19060.75000000,18984.78000000,19004.27000000,0.21078000,1664362799999,4006.45422040,11,0.02582000,491.36441610,0
1664362800000,18950.93000000,18960.55000000,18877.03000000,18895.43000000,0.32102000,1664363699999,6065.59638510,11,0.04739000,895.87264770,0
1664363700000,18892.85000000,18948.80000000,18892.85000000,18948.80000000,0.05604000,1664364599999,1060.40359860,6,0.05470000,1035.05757900,0
1664364600000,18905.34000000,18960.63000000,18905.34000000,18905.97000000,0.06639000,1664365499999,1256.03912480,8,0.06296000,1191.19380860,0
1664365500000,18906.34000000,18909.15000000,18861.71000000,18904.66000000,0.05167000,1664366399999,975.54301760,5,0.02123000,401.39256520,0
1664366400000,18967.29000000,19020.90000000,18967.29000000,19020.90000000,0.05127000,1664367299999,972.77750120,6,0.02462000,467.22488200,0
1664367300000,19003.50000000,19055.18000000,18983.83000000,19046.24000000,0.06201000,1664368199999,1179.41468920,5,0.05201000,989.57638920,0
1664368200000,19050.48000000,19112.85000000,19050.28000000,19103.23000000,0.24469000,1664369099999,4671.61306500,12,0.14989000,2863.39796320,0
1664369100000,19095.74000000,19095.74000000,19048.13000000,19061.98000000,0.07777000,1664369999999,1482.39947510,7,0.01000000,190.91050000,0
1664370000000,19063.42000000,19099.54000000,19063.42000000,19071.12000000,0.02822000,1664370899999,538.17311000,4,0.00288000,55.00667520,0
1664370900000,19143.28000000,19172.98000000,19143.28000000,19143.28000000,0.18943000,1664371799999,3629.17470940,4,0.13550000,2596.77761900,0
1664371800000,19127.54000000,19127.54000000,19068.29000000,19106.23000000,0.87271000,1664372699999,16656.09440960,16,0.21993000,4197.64737340,0
1664372700000,19077.51000000,19238.40000000,19075.11000000,19114.20000000,0.36361000,1664373599999,6968.72895290,27,0.24002000,4605.78765440,0
1664373600000,19157.55000000,19172.97000000,19069.70000000,19069.70000000,0.05997000,1664374499999,1146.48455720,9,0.01000000,191.22190000,0
1664374500000,19077.59000000,19231.74000000,19068.94000000,19231.74000000,0.09285000,1664375399999,1775.00761900,7,0.07717000,1474.54520220,0
1664375400000,19308.27000000,19405.76000000,19308.27000000,19387.02000000,0.06863000,1664376299999,1329.87531560,8,0.03297000,639.55091960,0
1664376300000,19471.45000000,19471.46000000,19375.07000000,19379.07000000,0.07799000,1664377199999,1515.25554850,6,0.07799000,1515.25554850,0
1664377200000,19399.69000000,19399.69000000,19399.69000000,19399.69000000,0.01000000,1664378099999,193.99690000,1,0.00000000,0.00000000,0
1664378100000,19416.16000000,19442.25000000,19412.83000000,19412.83000000,0.26411000,1664378999999,5128.79684900,7,0.15436000,2997.65214000,0
1664379000000,19400.39000000,19400.50000000,19400.39000000,19400.50000000,0.03177000,1664379899999,616.35377720,2,0.00098000,19.01238220,0
1664379900000,19408.07000000,19500.00000000,19408.07000000,19491.68000000,0.47184000,1664380799999,9199.97115970,8,0.00222000,43.23829620,0
1664380800000,19500.75000000,19624.10000000,19500.75000000,19574.10000000,0.37625000,1664381699999,7362.44735060,12,0.34380000,6726.51966400,0
1664381700000,19533.76000000,19533.76000000,19492.64000000,19519.47000000,0.03352000,1664382599999,654.19267060,3,0.02174000,424.08497780,0
1664382600000,19527.72000000,19532.85000000,19503.55000000,19516.01000000,0.04534000,1664383499999,884.98790160,7,0.00000000,0.00000000,0
1664383500000,19528.49000000,19534.85000000,19467.37000000,19506.80000000,0.20992000,1664384399999,4094.18093190,19,0.00000000,0.00000000,0
1664384400000,19520.56000000,19540.07000000,19479.39000000,19540.07000000,0.30210000,1664385299999,5893.48967740,12,0.13995000,2734.37223150,0
1664385300000,19559.68000000,19593.99000000,19547.64000000,19593.99000000,0.05359000,1664386199999,1048.57888140,11,0.01492000,292.29419340,0
1664386200000,19591.65000000,19591.65000000,19545.28000000,19545.28000000,0.26285000,1664387099999,5142.12650350,5,0.00000000,0.00000000,0
1664387100000,19491.59000000,19491.59000000,19373.70000000,19373.70000000,0.14792000,1664387999999,2881.13333140,5,0.00000000,0.00000000,0
1664388000000,19298.93000000,19428.86000000,19298.93000000,19428.86000000,0.11733000,1664388899999,2265.64755060,3,0.01009000,196.03029740,0
1664388900000,19384.84000000,19438.11000000,19384.84000000,19424.02000000,0.19879000,1664389799999,3862.06438310,6,0.18724000,3637.82658660,0
1664389800000,19499.56000000,19591.84000000,19443.89000000,19443.89000000,0.07422000,1664390699999,1448.73446180,10,0.03466000,676.31612900,0
1664390700000,19544.16000000,19544.16000000,19515.18000000,19525.98000000,0.03018000,1664391599999,589.72998240,4,0.02570000,502.28491200,0
1664391600000,19588.66000000,19592.20000000,19528.53000000,19555.71000000,4.39770000,1664392499999,86010.61896120,37,0.19386000,3792.62612000,0
1664392500000,19545.94000000,19545.94000000,19479.03000000,19481.05000000,3.58450000,1664393399999,69842.23346010,18,0.00000000,0.00000000,0
1664393400000,19481.05000000,19481.05000000,19481.05000000,19481.05000000,0.00000000,1664394299999,0.00000000,0,0.00000000,0.00000000,0
1664394300000,19601.98000000,19601.98000000,19555.96000000,19555.96000000,0.12996000,1664395199999,2545.16505880,4,0.05101000,999.89699980,0
1664395200000,19542.01000000,19542.01000000,19542.01000000,19542.01000000,0.02748000,1664396099999,537.01443480,2,0.02748000,537.01443480,0
1664396100000,19591.10000000,19591.10000000,19571.93000000,19571.93000000,0.01571000,1664396999999,307.70525200,2,0.01201000,235.28911100,0
1664397000000,19532.32000000,19532.32000000,19532.32000000,19532.32000000,0.02129000,1664397899999,415.84309280,2,0.00521000,101.76338720,0
1664397900000,19532.32000000,19583.61000000,19532.32000000,19561.82000000,0.28114000,1664398799999,5498.77672170,10,0.25731000,5032.72426350,0
1664398800000,19540.05000000,19540.05000000,19539.75000000,19539.75000000,0.17912000,1664399699999,3499.97537400,3,0.00000000,0.00000000,0
1664399700000,19554.88000000,19660.77000000,19554.88000000,19660.77000000,1.28039000,1664400599999,25133.01380640,8,0.00536000,105.38172720,0
1664400600000,19695.93000000,19695.93000000,19695.93000000,19695.93000000,0.01020000,1664401499999,200.89848600,1,0.01020000,200.89848600,0
1664401500000,19592.93000000,19597.16000000,19588.74000000,19588.74000000,0.22706000,1664402399999,4447.86090680,7,0.01000000,195.88740000,0
1664402400000,19588.74000000,19641.73000000,19588.47000000,19641.73000000,1.02967000,1664403299999,20171.72444630,11,0.96735000,18949.69753900,0
1664403300000,19633.52000000,19633.52000000,19566.78000000,19566.78000000,0.05172000,1664404199999,1014.01577740,5,0.01930000,377.63885400,0
1664404200000,19516.71000000,19525.70000000,19516.71000000,19525.70000000,0.01365000,1664405099999,266.47761860,2,0.00000000,0.00000000,0
1664405100000,19479.41000000,19485.92000000,19458.00000000,19458.00000000,0.12263000,1664405999999,2389.21406960,3,0.10263000,1999.83996960,0
1664406000000,19492.94000000,19548.25000000,19492.94000000,19548.25000000,0.11682000,1664406899999,2282.96277940,3,0.11257000,2199.97902190,0
1664406900000,19548.25000000,19548.25000000,19548.25000000,19548.25000000,0.00000000,1664407799999,0.00000000,0,0.00000000,0.00000000,0
1664407800000,19436.30000000,19447.32000000,19436.30000000,19447.32000000,0.05260000,1664408699999,1022.35599200,2,0.00060000,11.66839200,0
1664408700000,19395.17000000,19410.43000000,19394.42000000,19410.43000000,0.05630000,1664409599999,1092.73902600,3,0.05200000,1009.34236000,0
1664409600000,19413.73000000,19469.15000000,19413.73000000,19469.15000000,0.08074000,1664410499999,1570.76936430,7,0.04144000,805.74573930,0
1664410500000,19470.92000000,19470.92000000,19470.92000000,19470.92000000,0.00126000,1664411399999,24.53335920,1,0.00126000,24.53335920,0
1664411400000,19474.67000000,19505.60000000,19474.67000000,19483.72000000,0.23149000,1664412299999,4512.52381670,3,0.10253000,1999.90916800,0
1664412300000,19373.70000000,19455.38000000,19373.70000000,19452.84000000,0.04650000,1664413199999,904.21761490,5,0.04114000,800.37458290,0
1664413200000,19426.07000000,19454.33000000,19426.07000000,19440.30000000,0.07824000,1664414099999,1521.13256080,6,0.03912000,760.99914320,0
1664414100000,19478.83000000,19518.27000000,19478.83000000,19515.02000000,0.07924000,1664414999999,1545.34616150,9,0.06617000,1290.43227970,0
1664415000000,19582.72000000,19586.19000000,19551.20000000,19551.20000000,0.01739000,1664415899999,340.14277140,3,0.00430000,84.21756340,0
1664415900000,19538.52000000,19538.52000000,19491.29000000,19491.29000000,0.00153000,1664416799999,29.86748680,2,0.00097000,18.95236440,0
1664416800000,19472.06000000,19472.06000000,19315.71000000,19347.39000000,0.02124000,1664417699999,411.78810470,7,0.01074000,208.32321030,0
1664417700000,19516.71000000,19516.71000000,19373.70000000,19373.70000000,0.01072000,1664418599999,208.45259760,2,0.00536000,104.60956560,0
1664418600000,19398.76000000,19440.27000000,19398.76000000,19430.38000000,0.16648000,1664419499999,3233.60256110,8,0.07621000,1480.37500360,0
1664419500000,19445.15000000,19471.60000000,19422.32000000,19446.02000000,0.10904000,1664420399999,2120.21444820,5,0.10221000,1987.42667540,0
